iteracao,imagem,inicio_epoch,duracao_s
1,nginx:1.28,1783618287.820688433,39.02
2,nginx:1.27,1783618333.778681908,32.64
3,nginx:1.28,1783618373.354481541,121.98
