iteracao,imagem,inicio_epoch,duracao_s
1,nginx:1.28,1783618039.935083736,18.58
2,nginx:1.27,1783618065.448279563,8.99
3,nginx:1.28,1783618081.466024613,8.91
