iteracao,inicio_epoch,duracao_s
1,1783618172.330272596,7.18
2,1783618190.749798330,6.62
3,1783618208.813933580,7.68
