iteracao,inicio_epoch,duracao_s
1,1783618844.954854271,0.79
2,1783618855.911845953,0.80
3,1783618866.810031334,7.63
