iteracao,imagem_alvo,inicio_epoch,duracao_s
1,nginx:1.27,1783618502.523051010,17.84
2,nginx:1.28,1783618527.396819605,6.67
3,nginx:1.27,1783618540.952763503,298.86
