iteracao,imagem_alvo,inicio_epoch,duracao_s
1,nginx:1.27,1783618097.414667977,8.33
2,nginx:1.28,1783618112.752090626,10.02
3,nginx:1.27,1783618129.841697423,8.87
